Id,Email,Zip code
UYJNE898767912DSDS,dharmatest11@mail.com,1
UYJNE898767912DSDS,dharmatest01@mail.com,2
UYJNE898767912DSDS,dharmatest44@mail.com,3
UYJNE898767912DSDS,dharmatest04@mail.com,4
UYJNE898767912DSDS,dharmatet08@mail.com,5
UYJNE898767912DSDS,dharmatest02@mail.com,6
UYJNE898767912DSDS,dharmatest28@mail.com,7
UYJNE898767912DSDS,dharmatest89@mail.com,8
UYJNE898767912DSDS,dharmatest56@test.com,9
UYJNE898767912DSDS,dharmatest09@mail.com,10
UYJNE898767912DSDS,dharmatest11@mail.com,11
UYJNE898767912DSDS,dharmatest11@mail.com,12
UYJNE898767912DSDS,dharmatest01@mail.com,13
UYJNE898767912DSDS,dharmatest44@mail.com,14
UYJNE898767912DSDS,dharmatest04@mail.com,15
UYJNE898767912DSDS,dharmatet08@mail.com,16
UYJNE898767912DSDS,dharmatest02@mail.com,17
UYJNE898767912DSDS,dharmatest28@mail.com,18
UYJNE898767912DSDS,dharmatest89@mail.com,19
UYJNE898767912DSDS,dharmatest56@test.com,20
UYJNE898767912DSDS,dharmatest09@mail.com,21
UYJNE898767912DSDS,dharmatest11@mail.com,22
UYJNE898767912DSDS,dharmatest11@mail.com,23
UYJNE898767912DSDS,dharmatest01@mail.com,24
UYJNE898767912DSDS,dharmatest44@mail.com,25
UYJNE898767912DSDS,dharmatest04@mail.com,26
UYJNE898767912DSDS,dharmatet08@mail.com,27
UYJNE898767912DSDS,dharmatest02@mail.com,28
UYJNE898767912DSDS,dharmatest28@mail.com,29
UYJNE898767912DSDS,dharmatest89@mail.com,30
UYJNE898767912DSDS,dharmatest56@test.com,31
UYJNE898767912DSDS,dharmatest09@mail.com,32
UYJNE898767912DSDS,dharmatest11@mail.com,33
UYJNE898767912DSDS,dharmatest11@mail.com,34
UYJNE898767912DSDS,dharmatest01@mail.com,35
UYJNE898767912DSDS,dharmatest44@mail.com,36
UYJNE898767912DSDS,dharmatest04@mail.com,37
UYJNE898767912DSDS,dharmatet08@mail.com,38
UYJNE898767912DSDS,dharmatest02@mail.com,39
UYJNE898767912DSDS,dharmatest28@mail.com,40
UYJNE898767912DSDS,dharmatest89@mail.com,41
UYJNE898767912DSDS,dharmatest56@test.com,42
UYJNE898767912DSDS,dharmatest09@mail.com,43
UYJNE898767912DSDS,dharmatest11@mail.com,44
UYJNE898767912DSDS,dharmatest11@mail.com,45
UYJNE898767912DSDS,dharmatest01@mail.com,46
UYJNE898767912DSDS,dharmatest44@mail.com,47
UYJNE898767912DSDS,dharmatest04@mail.com,48
UYJNE898767912DSDS,dharmatet08@mail.com,49
UYJNE898767912DSDS,dharmatest02@mail.com,50
UYJNE898767912DSDS,dharmatest28@mail.com,51
UYJNE898767912DSDS,dharmatest89@mail.com,52
UYJNE898767912DSDS,dharmatest56@test.com,53
UYJNE898767912DSDS,dharmatest09@mail.com,54
UYJNE898767912DSDS,dharmatest11@mail.com,55
UYJNE898767912DSDS,dharmatest11@mail.com,56
UYJNE898767912DSDS,dharmatest01@mail.com,57
UYJNE898767912DSDS,dharmatest44@mail.com,58
UYJNE898767912DSDS,dharmatest04@mail.com,59
UYJNE898767912DSDS,dharmatet08@mail.com,60
UYJNE898767912DSDS,dharmatest02@mail.com,61
UYJNE898767912DSDS,dharmatest28@mail.com,62
UYJNE898767912DSDS,dharmatest89@mail.com,63
UYJNE898767912DSDS,dharmatest56@test.com,64
UYJNE898767912DSDS,dharmatest09@mail.com,65
UYJNE898767912DSDS,dharmatest11@mail.com,66
UYJNE898767912DSDS,dharmatest11@mail.com,67
UYJNE898767912DSDS,dharmatest01@mail.com,68
UYJNE898767912DSDS,dharmatest44@mail.com,69
UYJNE898767912DSDS,dharmatest04@mail.com,70
UYJNE898767912DSDS,dharmatet08@mail.com,71
UYJNE898767912DSDS,dharmatest02@mail.com,72
UYJNE898767912DSDS,dharmatest28@mail.com,73
UYJNE898767912DSDS,dharmatest89@mail.com,74
UYJNE898767912DSDS,dharmatest56@test.com,75
UYJNE898767912DSDS,dharmatest09@mail.com,76
UYJNE898767912DSDS,dharmatest11@mail.com,77
UYJNE898767912DSDS,dharmatest11@mail.com,78
UYJNE898767912DSDS,dharmatest01@mail.com,79
UYJNE898767912DSDS,dharmatest44@mail.com,80
UYJNE898767912DSDS,dharmatest04@mail.com,81
UYJNE898767912DSDS,dharmatet08@mail.com,82
UYJNE898767912DSDS,dharmatest02@mail.com,83
UYJNE898767912DSDS,dharmatest28@mail.com,84
UYJNE898767912DSDS,dharmatest89@mail.com,85
UYJNE898767912DSDS,dharmatest56@test.com,86
UYJNE898767912DSDS,dharmatest09@mail.com,87
UYJNE898767912DSDS,dharmatest11@mail.com,88
UYJNE898767912DSDS,dharmatest11@mail.com,89
UYJNE898767912DSDS,dharmatest01@mail.com,90
UYJNE898767912DSDS,dharmatest44@mail.com,91
UYJNE898767912DSDS,dharmatest04@mail.com,92
UYJNE898767912DSDS,dharmatet08@mail.com,93
UYJNE898767912DSDS,dharmatest02@mail.com,94
UYJNE898767912DSDS,dharmatest28@mail.com,95
UYJNE898767912DSDS,dharmatest89@mail.com,96
UYJNE898767912DSDS,dharmatest56@test.com,97
UYJNE898767912DSDS,dharmatest09@mail.com,98
UYJNE898767912DSDS,dharmatest11@mail.com,99
UYJNE898767912DSDS,dharmatest11@mail.com,100
UYJNE898767912DSDS,dharmatest01@mail.com,101
UYJNE898767912DSDS,dharmatest44@mail.com,102
UYJNE898767912DSDS,dharmatest04@mail.com,103
UYJNE898767912DSDS,dharmatet08@mail.com,104
UYJNE898767912DSDS,dharmatest02@mail.com,105
UYJNE898767912DSDS,dharmatest28@mail.com,106
UYJNE898767912DSDS,dharmatest89@mail.com,107
UYJNE898767912DSDS,dharmatest56@test.com,108
UYJNE898767912DSDS,dharmatest09@mail.com,109
UYJNE898767912DSDS,dharmatest11@mail.com,110
UYJNE898767912DSDS,dharmatest11@mail.com,111
UYJNE898767912DSDS,dharmatest01@mail.com,112
UYJNE898767912DSDS,dharmatest44@mail.com,113
UYJNE898767912DSDS,dharmatest04@mail.com,114
UYJNE898767912DSDS,dharmatet08@mail.com,115
UYJNE898767912DSDS,dharmatest02@mail.com,116
UYJNE898767912DSDS,dharmatest28@mail.com,117
UYJNE898767912DSDS,dharmatest89@mail.com,118
UYJNE898767912DSDS,dharmatest56@test.com,119
UYJNE898767912DSDS,dharmatest09@mail.com,120
UYJNE898767912DSDS,dharmatest11@mail.com,121
UYJNE898767912DSDS,dharmatest11@mail.com,122
UYJNE898767912DSDS,dharmatest01@mail.com,123
UYJNE898767912DSDS,dharmatest44@mail.com,124
UYJNE898767912DSDS,dharmatest04@mail.com,125
UYJNE898767912DSDS,dharmatet08@mail.com,126
UYJNE898767912DSDS,dharmatest02@mail.com,127
UYJNE898767912DSDS,dharmatest28@mail.com,128
UYJNE898767912DSDS,dharmatest89@mail.com,129
UYJNE898767912DSDS,dharmatest56@test.com,130
UYJNE898767912DSDS,dharmatest09@mail.com,131
UYJNE898767912DSDS,dharmatest11@mail.com,132
UYJNE898767912DSDS,dharmatest11@mail.com,133
UYJNE898767912DSDS,dharmatest01@mail.com,134
UYJNE898767912DSDS,dharmatest44@mail.com,135
UYJNE898767912DSDS,dharmatest04@mail.com,136
UYJNE898767912DSDS,dharmatet08@mail.com,137
UYJNE898767912DSDS,dharmatest02@mail.com,138
UYJNE898767912DSDS,dharmatest28@mail.com,139
UYJNE898767912DSDS,dharmatest89@mail.com,140
UYJNE898767912DSDS,dharmatest56@test.com,141
UYJNE898767912DSDS,dharmatest09@mail.com,142
UYJNE898767912DSDS,dharmatest11@mail.com,143
UYJNE898767912DSDS,dharmatest11@mail.com,144
UYJNE898767912DSDS,dharmatest01@mail.com,145
UYJNE898767912DSDS,dharmatest44@mail.com,146
UYJNE898767912DSDS,dharmatest04@mail.com,147
UYJNE898767912DSDS,dharmatet08@mail.com,148
UYJNE898767912DSDS,dharmatest02@mail.com,149
UYJNE898767912DSDS,dharmatest28@mail.com,150
UYJNE898767912DSDS,dharmatest89@mail.com,151
UYJNE898767912DSDS,dharmatest56@test.com,152
UYJNE898767912DSDS,dharmatest09@mail.com,153
UYJNE898767912DSDS,dharmatest11@mail.com,154
UYJNE898767912DSDS,dharmatest11@mail.com,155
UYJNE898767912DSDS,dharmatest01@mail.com,156
UYJNE898767912DSDS,dharmatest44@mail.com,157
UYJNE898767912DSDS,dharmatest04@mail.com,158
UYJNE898767912DSDS,dharmatet08@mail.com,159
UYJNE898767912DSDS,dharmatest02@mail.com,160
UYJNE898767912DSDS,dharmatest28@mail.com,161
UYJNE898767912DSDS,dharmatest89@mail.com,162
UYJNE898767912DSDS,dharmatest56@test.com,163
UYJNE898767912DSDS,dharmatest09@mail.com,164
UYJNE898767912DSDS,dharmatest11@mail.com,165
UYJNE898767912DSDS,dharmatest11@mail.com,166
UYJNE898767912DSDS,dharmatest01@mail.com,167
UYJNE898767912DSDS,dharmatest44@mail.com,168
UYJNE898767912DSDS,dharmatest04@mail.com,169
UYJNE898767912DSDS,dharmatet08@mail.com,170
UYJNE898767912DSDS,dharmatest02@mail.com,171
UYJNE898767912DSDS,dharmatest28@mail.com,172
UYJNE898767912DSDS,dharmatest89@mail.com,173
UYJNE898767912DSDS,dharmatest56@test.com,174
UYJNE898767912DSDS,dharmatest09@mail.com,175
UYJNE898767912DSDS,dharmatest11@mail.com,176
UYJNE898767912DSDS,dharmatest11@mail.com,177
UYJNE898767912DSDS,dharmatest01@mail.com,178
UYJNE898767912DSDS,dharmatest44@mail.com,179
UYJNE898767912DSDS,dharmatest04@mail.com,180
UYJNE898767912DSDS,dharmatet08@mail.com,181
UYJNE898767912DSDS,dharmatest02@mail.com,182
UYJNE898767912DSDS,dharmatest28@mail.com,183
UYJNE898767912DSDS,dharmatest89@mail.com,184
UYJNE898767912DSDS,dharmatest56@test.com,185
UYJNE898767912DSDS,dharmatest09@mail.com,186
UYJNE898767912DSDS,dharmatest11@mail.com,187
UYJNE898767912DSDS,dharmatest11@mail.com,188
UYJNE898767912DSDS,dharmatest01@mail.com,189
UYJNE898767912DSDS,dharmatest44@mail.com,190
UYJNE898767912DSDS,dharmatest04@mail.com,191
UYJNE898767912DSDS,dharmatet08@mail.com,192
UYJNE898767912DSDS,dharmatest02@mail.com,193
UYJNE898767912DSDS,dharmatest28@mail.com,194
UYJNE898767912DSDS,dharmatest89@mail.com,195
UYJNE898767912DSDS,dharmatest56@test.com,196
UYJNE898767912DSDS,dharmatest09@mail.com,197
UYJNE898767912DSDS,dharmatest11@mail.com,198
UYJNE898767912DSDS,dharmatest11@mail.com,199
UYJNE898767912DSDS,dharmatest01@mail.com,200
UYJNE898767912DSDS,dharmatest44@mail.com,201
UYJNE898767912DSDS,dharmatest04@mail.com,202
UYJNE898767912DSDS,dharmatet08@mail.com,203
UYJNE898767912DSDS,dharmatest02@mail.com,204
UYJNE898767912DSDS,dharmatest28@mail.com,205
UYJNE898767912DSDS,dharmatest89@mail.com,206
UYJNE898767912DSDS,dharmatest56@test.com,207
UYJNE898767912DSDS,dharmatest09@mail.com,208
UYJNE898767912DSDS,dharmatest11@mail.com,209
UYJNE898767912DSDS,dharmatest11@mail.com,210
UYJNE898767912DSDS,dharmatest01@mail.com,211
UYJNE898767912DSDS,dharmatest44@mail.com,212
UYJNE898767912DSDS,dharmatest04@mail.com,213
UYJNE898767912DSDS,dharmatet08@mail.com,214
UYJNE898767912DSDS,dharmatest02@mail.com,215
UYJNE898767912DSDS,dharmatest28@mail.com,216
UYJNE898767912DSDS,dharmatest89@mail.com,217
UYJNE898767912DSDS,dharmatest56@test.com,218
UYJNE898767912DSDS,dharmatest09@mail.com,219
UYJNE898767912DSDS,dharmatest11@mail.com,220
UYJNE898767912DSDS,dharmatest11@mail.com,221
UYJNE898767912DSDS,dharmatest01@mail.com,222
UYJNE898767912DSDS,dharmatest44@mail.com,223
UYJNE898767912DSDS,dharmatest04@mail.com,224
UYJNE898767912DSDS,dharmatet08@mail.com,225
UYJNE898767912DSDS,dharmatest02@mail.com,226
UYJNE898767912DSDS,dharmatest28@mail.com,227
UYJNE898767912DSDS,dharmatest89@mail.com,228
UYJNE898767912DSDS,dharmatest56@test.com,229
UYJNE898767912DSDS,dharmatest09@mail.com,230
UYJNE898767912DSDS,dharmatest11@mail.com,231
UYJNE898767912DSDS,dharmatest11@mail.com,232
UYJNE898767912DSDS,dharmatest01@mail.com,233
UYJNE898767912DSDS,dharmatest44@mail.com,234
UYJNE898767912DSDS,dharmatest04@mail.com,235
UYJNE898767912DSDS,dharmatet08@mail.com,236
UYJNE898767912DSDS,dharmatest02@mail.com,237
UYJNE898767912DSDS,dharmatest28@mail.com,238
UYJNE898767912DSDS,dharmatest89@mail.com,239
UYJNE898767912DSDS,dharmatest56@test.com,240
UYJNE898767912DSDS,dharmatest09@mail.com,241
UYJNE898767912DSDS,dharmatest11@mail.com,242
UYJNE898767912DSDS,dharmatest11@mail.com,243
UYJNE898767912DSDS,dharmatest01@mail.com,244
UYJNE898767912DSDS,dharmatest44@mail.com,245
UYJNE898767912DSDS,dharmatest04@mail.com,246
UYJNE898767912DSDS,dharmatet08@mail.com,247
UYJNE898767912DSDS,dharmatest02@mail.com,248
UYJNE898767912DSDS,dharmatest28@mail.com,249
UYJNE898767912DSDS,dharmatest89@mail.com,250
UYJNE898767912DSDS,dharmatest56@test.com,251
UYJNE898767912DSDS,dharmatest09@mail.com,252
UYJNE898767912DSDS,dharmatest11@mail.com,253
UYJNE898767912DSDS,dharmatest11@mail.com,254
UYJNE898767912DSDS,dharmatest01@mail.com,255
UYJNE898767912DSDS,dharmatest44@mail.com,256
UYJNE898767912DSDS,dharmatest04@mail.com,257
UYJNE898767912DSDS,dharmatet08@mail.com,258
UYJNE898767912DSDS,dharmatest02@mail.com,259
UYJNE898767912DSDS,dharmatest28@mail.com,260
UYJNE898767912DSDS,dharmatest89@mail.com,261
UYJNE898767912DSDS,dharmatest56@test.com,262
UYJNE898767912DSDS,dharmatest09@mail.com,263
UYJNE898767912DSDS,dharmatest11@mail.com,264
UYJNE898767912DSDS,dharmatest11@mail.com,265
UYJNE898767912DSDS,dharmatest01@mail.com,266
UYJNE898767912DSDS,dharmatest44@mail.com,267
UYJNE898767912DSDS,dharmatest04@mail.com,268
UYJNE898767912DSDS,dharmatet08@mail.com,269
UYJNE898767912DSDS,dharmatest02@mail.com,270
UYJNE898767912DSDS,dharmatest28@mail.com,271
UYJNE898767912DSDS,dharmatest89@mail.com,272
UYJNE898767912DSDS,dharmatest56@test.com,273
UYJNE898767912DSDS,dharmatest09@mail.com,274
UYJNE898767912DSDS,dharmatest11@mail.com,275
UYJNE898767912DSDS,dharmatest11@mail.com,276
UYJNE898767912DSDS,dharmatest01@mail.com,277
UYJNE898767912DSDS,dharmatest44@mail.com,278
UYJNE898767912DSDS,dharmatest04@mail.com,279
UYJNE898767912DSDS,dharmatet08@mail.com,280
UYJNE898767912DSDS,dharmatest02@mail.com,281
UYJNE898767912DSDS,dharmatest28@mail.com,282
UYJNE898767912DSDS,dharmatest89@mail.com,283
UYJNE898767912DSDS,dharmatest56@test.com,284
UYJNE898767912DSDS,dharmatest09@mail.com,285
UYJNE898767912DSDS,dharmatest11@mail.com,286
UYJNE898767912DSDS,dharmatest11@mail.com,287
UYJNE898767912DSDS,dharmatest01@mail.com,288
UYJNE898767912DSDS,dharmatest44@mail.com,289
UYJNE898767912DSDS,dharmatest04@mail.com,290
UYJNE898767912DSDS,dharmatet08@mail.com,291
UYJNE898767912DSDS,dharmatest02@mail.com,292
UYJNE898767912DSDS,dharmatest28@mail.com,293
UYJNE898767912DSDS,dharmatest89@mail.com,294
UYJNE898767912DSDS,dharmatest56@test.com,295
UYJNE898767912DSDS,dharmatest09@mail.com,296
UYJNE898767912DSDS,dharmatest11@mail.com,297
UYJNE898767912DSDS,dharmatest11@mail.com,298
UYJNE898767912DSDS,dharmatest01@mail.com,299
UYJNE898767912DSDS,dharmatest44@mail.com,300
UYJNE898767912DSDS,dharmatest04@mail.com,301
UYJNE898767912DSDS,dharmatet08@mail.com,302
UYJNE898767912DSDS,dharmatest02@mail.com,303
UYJNE898767912DSDS,dharmatest28@mail.com,304
UYJNE898767912DSDS,dharmatest89@mail.com,305
UYJNE898767912DSDS,dharmatest56@test.com,306
UYJNE898767912DSDS,dharmatest09@mail.com,307
UYJNE898767912DSDS,dharmatest11@mail.com,308
UYJNE898767912DSDS,dharmatest11@mail.com,309
UYJNE898767912DSDS,dharmatest01@mail.com,310
UYJNE898767912DSDS,dharmatest44@mail.com,311
UYJNE898767912DSDS,dharmatest04@mail.com,312
UYJNE898767912DSDS,dharmatet08@mail.com,313
UYJNE898767912DSDS,dharmatest02@mail.com,314
UYJNE898767912DSDS,dharmatest28@mail.com,315
UYJNE898767912DSDS,dharmatest89@mail.com,316
UYJNE898767912DSDS,dharmatest56@test.com,317
UYJNE898767912DSDS,dharmatest09@mail.com,318
UYJNE898767912DSDS,dharmatest11@mail.com,319
UYJNE898767912DSDS,dharmatest11@mail.com,320
UYJNE898767912DSDS,dharmatest01@mail.com,321
UYJNE898767912DSDS,dharmatest44@mail.com,322
UYJNE898767912DSDS,dharmatest04@mail.com,323
UYJNE898767912DSDS,dharmatet08@mail.com,324
UYJNE898767912DSDS,dharmatest02@mail.com,325
UYJNE898767912DSDS,dharmatest28@mail.com,326
UYJNE898767912DSDS,dharmatest89@mail.com,327
UYJNE898767912DSDS,dharmatest56@test.com,328
UYJNE898767912DSDS,dharmatest09@mail.com,329
UYJNE898767912DSDS,dharmatest11@mail.com,330
UYJNE898767912DSDS,dharmatest11@mail.com,331
UYJNE898767912DSDS,dharmatest01@mail.com,332
UYJNE898767912DSDS,dharmatest44@mail.com,333
UYJNE898767912DSDS,dharmatest04@mail.com,334
UYJNE898767912DSDS,dharmatet08@mail.com,335
UYJNE898767912DSDS,dharmatest02@mail.com,336
UYJNE898767912DSDS,dharmatest28@mail.com,337
UYJNE898767912DSDS,dharmatest89@mail.com,338
UYJNE898767912DSDS,dharmatest56@test.com,339
UYJNE898767912DSDS,dharmatest09@mail.com,340
UYJNE898767912DSDS,dharmatest11@mail.com,341
UYJNE898767912DSDS,dharmatest11@mail.com,342
UYJNE898767912DSDS,dharmatest01@mail.com,343
UYJNE898767912DSDS,dharmatest44@mail.com,344
UYJNE898767912DSDS,dharmatest04@mail.com,345
UYJNE898767912DSDS,dharmatet08@mail.com,346
UYJNE898767912DSDS,dharmatest02@mail.com,347
UYJNE898767912DSDS,dharmatest28@mail.com,348
UYJNE898767912DSDS,dharmatest89@mail.com,349
UYJNE898767912DSDS,dharmatest56@test.com,350
UYJNE898767912DSDS,dharmatest09@mail.com,351
UYJNE898767912DSDS,dharmatest11@mail.com,352
UYJNE898767912DSDS,dharmatest11@mail.com,353
UYJNE898767912DSDS,dharmatest01@mail.com,354
UYJNE898767912DSDS,dharmatest44@mail.com,355
UYJNE898767912DSDS,dharmatest04@mail.com,356